epoch,loss,val_loss
0,442.30118267352765,127.10003662109375
1,111.59490145169772,115.21009826660156
2,104.91682844895583,107.43272399902344
