epoch,loss,val_loss
114,6.5685553000523491,9.1463823318481445
114,6.2961247884310207,9.2864751815795898
114,6.2426402568817139,9.4630718231201172
