epoch,loss,val_loss
0,363.51047926682691,102.46592712402344
1,107.2487305861253,121.54721069335938
2,107.15770193246695,106.81085205078125
3,89.8587646484375,80.701286315917969
